cityName;SMAA;SMA
Atlanta;0520;Atlanta, GA SMA
Baltimore;0720;Baltimore, MD SMA
Birmingham;1000;Birmingham, AL SMA
Boston;1120;Boston, MA SMA
Buffalo;1280;Buffalo, NY SMA
Chattanooga;1560;Chattanooga, TN-GA SMA
Chicago;1600;Chicago, IL-IN SMA
Cincinnati;1640;Cincinnati, OH-KY SMA
Cleveland;1680;Cleveland, OH SMA
Columbus;1840;Columbus, OH SMA
Dallas;1920;Dallas, TX SMA
Denver;2080;Denver, CO SMA
Detroit;2160;Detroit, MI SMA
Flint;2640;Flint, MI SMA
Fort Worth;2800;Fort Worth, TX SMA
Hartford;3280;Hartford, CT SMA
Houston;3360;Houston, TX SMA
Indianapolis;3480;Indianapolis, IN SMA
Kansas City;3760;Kansas City, MO-KS SMA
Los Angeles;4480;Los Angeles, CA SMA
Louisville;4520;Louisville, KY-IN SMA
Memphis;4920;Memphis, TN SMA
Miami;5000;Miami, FL SMA
Milwaukee;5080;Milwaukee, WI SMA
Minneapolis;5120;Minneapolis-St. Paul, MN SMA
Nashville;5360;Nashville, TN SMA
New Orleans;5560;New Orleans, LA SMA
New York;5600;New York-Northeastern NJ, NY-NJ SMA
Norfolk;5720;Norfolk-Portsmouth, VA SMA
Oklahoma City;5880;Oklahoma City, OK SMA
Omaha;5920;Omaha, NE-IA SMA
Philadelphia;6160;Philadelphia, PA-NJ SMA
Pittsburgh;6280;Pittsburgh, PA SMA
Portland;6440;Portland, OR-WA SMA
Providence;6480;Providence, RI SMA
Richmond;6760;Richmond, VA SMA
Rochester;6840;Rochester, NY SMA
San Francisco;7360;San Francisco-Oakland, CA SMA
Seattle;7600;Seattle, WA SMA
Springfield;8000;Springfield-Holyoke, MA-CT SMA
St Louis;7040;St. Louis, MO-IL SMA
Syracuse;8160;Syracuse, NY SMA
Toledo;8400;Toledo, OH-MI SMA
Utica;8680;Utica-Rome, NY SMA
Washington;8840;Washington, DC-MD-VA SMA
Wichita;9040;Wichita, KS SMA
